s_city_id,s_city,s_lat,s_lon,s_pop,s_country,s_Volume,e_city_id,e_City,e_lat,e_lon,e_pop,e_country,e_vol
001,ZTE HQ,22.5369,113.948223,100000,China,100000,002,Pyongyang,39.038985,125.764769,100000,North Korea,100000
001,ZTE HQ,22.5369,113.948223,100000,China,100000,003,Tehran,35.695618,51.387576,100000,Iran,100000
001,ZTE HQ,22.5369,113.948223,100000,China,100000,004,Isfahan,32.65932,51.66916,100000,Iran,100000
001,ZTE HQ,22.5369,113.948223,100000,China,100000,005,Mashhad,36.29256,59.5973,100000,Iran,100000
001,ZTE HQ,22.5369,113.948223,100000,China,100000,006,Tabriz,38.10381,46.2621,100000,Iran,100000
001,ZTE HQ,22.5369,113.948223,100000,China,100000,007,Nampo,38.76458,125.3434,100000,North Korea,100000
001,ZTE HQ,22.5369,113.948223,100000,China,100000,008,Haeju,38.03595,125.7056,100000,North Korea,100000